7,Sauce,A1 Sauce
7,Sauce,Alfredo Sauce
7,Peppers,Banana Peppers
7,Sauce,Barbecue Sauce
7,Sauce,Bernaise Sauce
7,Olives,Black Olives
7,Mustard,Brown Mustard
7,Sauce,Buffalo Wing Sauce
7,Gravy,Canned Gravy
7,Sauce,Carbonara Sauce
7,Sauce,Cheese Sauce
7,Peppers,Cherry Peppers
7,Chili Mix,
7,Sauce,Chili Sauce
7,Chilies,
7,Sauce,Chinese Plum Sauce
7,Sauce,Chipotle Sauce
7,Sauce,Cocktail Sauce
7,Sauce,Cooking Sauce
7,Cooking Wine,
7,Curry Mix,
7,Pickles,Dill Pickles
7,Sauce,Duck Sauce
7,Sauce,Fondue Sauce
7,Mustard,Gourmet Mustard
7,Gravy,
7,Gravy,Gravy Mix
7,Olives,Green Olives
7,Sauce,Green Taco Sauce
7,Mustard,Grey Poupon
7,Sauce,Heinz 57
7,Sauce,
7,Sauce,Hoisin Sauce
7,Sauce,Hollandaise Sauce
7,Mustard,Honey Mustard
7,Sauce,Horseradish Sauce
7,Mustard,Hot Mustard
7,Sauce,Hot Sauce
7,Olives,Kalamata Olives
7,Ketchup,
7,Vinegar,Malt Vinegar
7,Sauce,Meat Sauce
7,Sauce,Mexican Sauce
7,Sauce,Mushroom Sauce
7,Mustard,
7,Sauce,Newburg Sauce
7,Olives,
7,Sauce,Oriental Sauce
7,Sauce,Oyster Sauce
7,Sauce,Peanut Sauce
7,Sauce,Peppercorn Sauce
7,Pickles,
7,Pimentos,
7,Sauce,Pizza Sauce
7,Pickles,Relish
7,Peppers,Roasted Peppers
7,Sauce,Seafood Sauce
7,Sloppy Joe Mix,
7,Sauce,Soy Sauce
7,Sauce,Spaghetti Sauce
7,Sauce,Spaghetti Sauce Mix
7,Olives,Spanish Olives
7,Spicy Mushrooms,
7,Mustard,Stadium Mustard
7,Sauce,Steak Sauce
7,Olives,Stuffed Olives
7,Sauce,Sweet and Sour Sauce
7,Sauce,Sweet Glaze
7,Pickles,Sweet Pickles
7,Sauce,Szechaun Sauce
7,Sauce,Tabasco Sauce
7,Sauce,Taco Sauce
7,Taco Seasoning,
7,Sauce,Tartar Sauce
7,Sauce,Teriyaki Sauce
7,Wasabi,
7,Sauce,White Sauce
7,Sauce,Worcestershire Sauce
