6,Cheese,American Cheese
6,Cheese,American Sliced Cheese
6,Dough,Biscuit Dough
6,Cheese,Blue Cheese
6,Dough,Bread Dough
6,Cheese,Brick Cheese
6,Dough,Brownie Dough
6,Butter,
6,Butter,Butter Substitute
6,Milk,Buttermilk
6,Cheese,Cheddar Cheese
6,Cheese,Cheddar Sliced Cheese
6,Cheese,
6,Cheese,Cheese Cubes
6,Cheese,Cheese Dip
6,Cheese,Cheese Spread
6,Cheese,Cheese Sticks
6,Milk,Chocolate Milk
6,Cream,Chocolate Whipped Cream
6,Cream,Coffee Creamer
6,Cream,Coffee Mate
6,Cheese,Colby Cheese
6,Dough,Cookie Dough
6,Cheese,Cottage Cheese
6,Cheese,Cream Cheese
6,Cheese,Crumbled Blue Cheese
6,Cheese,Crumbled Gorgonzola Cheese
6,Dairy Spread,
6,Dough,Dinner Roll Dough
6,Dip,
6,Dough,
6,Cheese,Edam Cheese
6,Egg,Egg Beaters
6,Egg,Egg Whites
6,Eggnog,
6,Egg,Eggs,
6,Cheese,Farmer's Cheese
6,Cheese,Fat Free Cheese
6,Cheese,Fat Free Cottage Cheese
6,Cheese,Fat Free Cream Cheese
6,Dip,Fat Free Dip,
6,Milk,Fat Free Milk
6,Cream,Fat Free Whipped Cream
6,Yogurt,Fat Free Yogurt
6,Cheese,Feta Cheese
6,Dip,French Onion Dip
6,Cheese,Fresh Parmesan Cheese
6,Cheese,Goat Cheese
6,Cheese,Gorgonzola Cheese
6,Cheese,Gouda Cheese
6,Cheese,Grated Cheese
6,Cream,Half and Half
6,Cream,Heavy Cream
6,Cheese,Imported Cheese
6,Cheese,Limburger Cheese
6,Milk,Low Fat Milk
6,Margarine,
6,Cheese,Mild Cheddar Cheese
6,Milk,
6,Cheese,Monterey Jack Cheese
6,Cheese,Mozzarella Cheese
6,Cheese,Muenster Cheese
6,Cream,Non Dairy Creamer
6,Milk,One Percent Milk
6,Dip,Onion Dip
6,Margarine,Parkay
6,Cheese,Pepper Jack Cheese
6,Cheese,Philadelphia Cream Cheese
6,Dough,Pizza Dough
6,Cheese,Provolone Cheese
6,Dip,Ranch Dip
6,Dough,Ready To Bake Rolls
6,Rice Dream,
6,Cheese,Ricotta Cheese
6,Cheese,Roquefort Cheese
6,Butter,Salted Butter
6,Cheese,Sharp Cheddar Cheese
6,Cheese,Shredded Cheese
6,Milk,Skim Milk
6,Cheese,Sliced Cheese
6,Smoothies,
6,Cream,Sour Cream
6,Milk,Soy Milk
6,Dip,Spinach Dip
6,Milk,Strawberry Milk
6,Cheese,String Cheese
6,Dough,Sweet Roll Dough
6,Cheese,Swiss Cheese
6,Cheese,Swiss Sliced Cheese
6,Milk,Two Percent Milk
6,Butter,Unsalted Butter
6,Cheese,Velveeta
6,Cream,
6,Cream,Whipped Cream
6,Cream,Whipped Topping
6,Milk,Whole Milk
6,Yeast,
6,Yogurt,
