10,All Purpose Seasoning
10,Allspice
10,Anise Seed
10,Arrowroot Powder
10,Basil
10,Basil Leaf
10,Bay Leaves
10,Black Pepper
10,Black Peppercorn
10,Black Sea Salt
10,Brown Sugar
10,Butter Buds
10,Cajun Seasoning
10,Caraway Seeds
10,Cayenne Pepper
10,Celery Seeds
10,Chervil Leaf
10,Chile Pepper
10,Chili Powder
10,Chipotle Pepper
10,Chopped Chives
10,Chopped Onion
10,Cilantro
10,Cilantro Leaf
10,Cinnamon
10,Cinnamon Sticks
10,Citric Acid
10,Cocoa
10,Cooking Bags
10,Coriander
10,Cream of Tarter
10,Crystalized Ginger
10,Cumin
10,Curry Powder
10,De Arbol Powder
10,Dill Seed
10,Dill Weed
10,Equal
10,Extracts
10,Fennel Seed
10,Fleur De Sel Salt
10,Garlic and Herb Seasoning
10,Garlic Cloves
10,Garlic Powder
10,Garlic Salt
10,Ginger
10,Granulated Garlic
10,Granulated Lemon Peel
10,Granulated Onion
10,Granulated Orange Peel
10,Granulated Roasted Garlic
10,Granulated Sea Salt
10,Granulated Sugar
10,Greek Seasoning
10,Ground Allspice
10,Ground Bay Leaves
10,Ground Cardamom
10,Ground Celery Seed
10,Ground Chipotle Chile
10,Ground Cloves
10,Ground Coriander Seed
10,Ground Cumin Seed
10,Ground Epazote Herb
10,Ground Fennel Seed
10,Ground Ginger
10,Ground Jalapeno Pepper
10,Ground Mustard
10,Ground Nutmeg
10,Ground Rosemary Leaf
10,Ground Thyme Leaf
10,Ground Turmeric
10,Gumbo File
10,Habanero Powder
10,Hickory
10,Italian Seasoning
10,Juniper Berries
10,Kosher Salt
10,Lavender Flowers
10,Lemon Extract
10,Lemon Grass
10,Lemon Peel
10,Marjoram Leaves
10,Minced Garlic
10,Minced Onion
10,Minced Onions
10,Minced Roasted Garlic
10,Mint Flakes
10,Molasses
10,Monosodium Glutamate
10,Mustard Powder
10,Mustard Seed
10,Natural Sweetener
10,Nutmeg
10,Nutmeg Grinding Kit
10,Old Bay Seasoning
10,Onion Powder
10,Onion Salt
10,Orange Peel
10,Oregano
10,Organic Flour
10,Organic 10
10,Organic Sugar
10,Orris Root Powder
10,Paprika
10,Parsley
10,Pepper
10,Peppercorns
10,Pine Nuts
10,Poppy Seed
10,Powdered Lemon Peel
10,Powdered Orange Peel
10,Powdered Sugar
10,Red Pepper
10,Roasting Rub
10,Rosemary
10,Saffron
10,Sage
10,Sage Leaf
10,Salt
10,Salt Substitute
10,Savory
10,Savory Leaf
10,Sea Salt
10,Seasoning Mix
10,Sesame Seed
10,Smoked Sea Salt
10,Spearmint Leaves
10,10
10,Szechuan Pepper
10,Tahini
10,Tarragon Leaf
10,Tenderizer
10,Thyme
10,Toasted Onion
10,Vanilla Beans
10,Vanilla Extract
10,Vanilla Powder
10,Vanilla Sugar
10,Wasabi Powder
10,White Pepper
10,Whole Allspice
10,Whole Bay Leaves
10,Whole Cardamom
10,Whole Celery Seed
10,Whole Cloves
10,Whole Coriander Seed
10,Whole Cumin Seed
10,Whole Fennel Seed
10,Whole Nutmeg
10,Whole Peppercorns
10,Whole Rosemary Leaf
10,Whole Thyme Leaf
10,Zahtar
