9,Apron,
9,Baking Chips,
9,Baking Cocoa,
9,Baking Cups,
9,Flour,Baking Flour,
9,Baking Pans,
9,Baking Powder,
9,Baking Soda,
9,Baking Supplies,
9,Biscuit Mix,
9,Bread Crumbs,
9,Bread Mix,
9,Breading,
9,Brownie Mix,
9,Bulgur,
9,Cake,
9,Cake,Cake Decorations
9,Cake,Cake Icing
9,Cake,Cake Mix
9,Cake,Cake Pan
9,Canned Milk,
9,Capers,
9,Chocolate Chips,
9,Chocolate Morsels,
9,Chopped Nuts,
9,Chopped Pecans,
9,Chopped Walnuts,
9,Coconut,
9,Coconut,Coconut
9,Coconut,Coconut Milk
9,Condensed Milk,
9,Cookie Mix,
9,Corn Bread Mix,
9,Corn Meal,
9,Corn Muffin Mix,
9,Corn Starch,
9,Croutons,
9,Cupcake Cups,
9,Cupcake Pan,
9,Dessert Mix,
9,Coconut,Dried Coconut
9,Dry Milk,
9,Dry Yeast,
9,Dumpling Mix,
9,Egg Coloring,
9,Egg Dye,
9,Equal,
9,Flour,
9,Food Coloring,
9,Frosting,
9,Fruit Pectin,
9,Fruit Protectors,
9,Graham Cracker Crumbs,
9,Hushpuppy Mix,
9,Icing,
9,Key Lime Juice,
9,Matzo Meal,
9,Microwave Desserts,
9,Mixing Spoons,
9,Muffin Mix,
9,Muffin Pans,
9,Pie,Pie Crust Mix
9,Pie,Pie Pan
9,Pie,Pie Shells
9,Pizza Crust Mix,
9,Pizza Pan,
9,Pie,Ready Made Pie Crust
9,Ready to Bake Cookies,
9,Roll Mix,
9,Seafood Mix,
9,Shake and Bake,
9,Sweetened Condensed Milk,
9,Sweet N Low,
9,Splenda,
9,Sugar,
9,Sugar,Sugar Blend
9,Sugar,Sugar Substitute
9,Tahini Paste,
9,Flour,Wheat Flour
9,Flour,White Flour
