17,Cereal,Apple Jacks
17,Bisquick,
17,Breakfast Bars,
17,Breakfast Cookies,
17,Cereal,
17,Cereal,Cereal Variety Packs
17,Cereal,Cheerios
17,Cereal,Cocoa Puffs
17,Cereal,Cocoa Pebbles
17,Cereal,Corn Chex
17,Cereal,Corn Flakes
17,Syrup,Corn Syrup
17,Hot Cereal,Cream of Wheat
17,Diet Bars,
17,Cereal,Frosted Flakes
17,Cereal,Fruit Loops
17,Cereal,Golden Grahams
17,Granola,
17,Granola,Bars
17,Grits,
17,Grits,Hominy Grits
17,Cereal,Honey Bunches of Oats
17,Cereal,Honey Nut Cheerios
17,Hot Cereal,
17,Instant Breakfast,
17,Grits,Instant Grits
17,Oatmeal,Instant Oatmeal
17,Cereal,Life
17,Pancakes,Low Calorie Pancakes
17,Syrup,Low Calorie Syrup
17,Cereal,Lucky Charms
17,Syrup,Maple Syrup
17,Cereal,Mini Wheats
17,Breakfast Bars,Nutrition Bars
17,Oatmeal,
17,Pancake,Pancake Mix
17,Syrup,Pancake Syrup
17,Pancake,
17,Pop Tarts,
17,Powdered Milk,
17,Cereal,Raisin Bran
17,Cereal,Rice Chex
17,Cereal,Rice Krispies
17,Cereal,Shredded Oats
17,Cereal,Shredded Wheat
17,Cereal,Special K
17,Syrup,
17,Toaster Pastries,
17,Toaster Pops,
17,Cereal,Total
17,Cereal,Trix
17,Waffle Mix,
17,Wheat Germ,
17,Cereal,Wheaties
