4,Sprouts,Alfafa Sprouts
4,Artichokes,
4,Arugula,
4,Asparagus,
4,Avocados,
4,Carrots,Baby Carrots
4,Corn,Baby Corn
4,Barley,
4,Sprouts,Bean Sprouts
4,Beans,
4,Tomatoes,Beefsteak Tomatoes
4,Beets,
4,Peppers,Bell Peppers
4,Lettuce,Bib Lettuce
4,Potatoes,Blue Potatoes
4,Lettuce,Boston Lettuce
4,Broccoli,
4,Sprouts,Brussel Sprouts
4,Mushrooms,Button Mushrooms
4,Cabbage,
4,Carrots,
4,Cauliflower,
4,Celery,
4,Chard,
4,Tomatoes,Cherry Tomatoes
4,Chickpeas,
4,Tomatoes,Cluster Tomatoes
4,Greens,Collard Greens
4,Corn,Corn on the Cob
4,Mushrooms,Crimini Mushrooms
4,Cucumbers,
4,Edamame,
4,Eggplant,
4,Endive,
4,English Cucumbers,
4,Escarole,
4,Flowers,
4,Fresh Anise,
4,Fresh Basil,
4,Fresh Chives,
4,Fresh Cilantro,
4,Corn,Fresh Corn
4,Fresh Dill,
4,Fresh Dip,
4,Fresh Leeks,
4,Fresh Mint,
4,Fresh Oregano,
4,Fresh Parsley,
4,Fresh Rosemary,
4,Fresh Sage,
4,Fresh Salsa,
4,Fresh Sushi,
4,Fresh Tarragon,
4,Fresh Thyme,
4,Fresh Winter Savory,
4,Fresh Yams,
4,Salad,Fruit Salad
4,Beans,Garbanzo Beans
4,Garlic,
4,Gherkins,
4,Ginger Root,
4,Grape Leaves,
4,Asparagus,Green Asparagus
4,Beans,Green Beans
4,Peppers,Green Bell Peppers
4,Onions,Green Onions
4,Peppers,Green Peppers
4,Guacamole Dip,
4,Herbs,
4,Peppers,Hot Peppers
4,Lettuce,Iceberg Lettuce
4,Potatoes,Idaho Potatoes 
4,Kale, 
4,Kohlrabi,
4,Lentils,
4,Lettuce,
4,Beans,Lima Beans
4,Potatoes,Long White Potatoes
4,Lettuce,Loose Leaf Lettuce 
4,Mushrooms,Morel Mushrooms 
4,Mushrooms, 
4,Greens,Mustard Greens
4,Okra,
4,Onions,
4,Peppers,Orange Bell Peppers 
4,Mushrooms,Oyster Mushrooms
4,Salad,Packaged American Blend Salad
4,Carrots,Packaged Baby Carrots
4,Salad,Packaged Baby Greens Salad
4,Salad,Packaged Caesar Salad
4,Salad,Packaged Cole Slaw
4,Salad,Packaged European Blend Salad
4,Salad,Packaged Field Greens Salad
4,Salad,Packaged Iceberg Salad
4,Salad,Packaged Italian Blend Salad
4,Lettuce,Packaged Lettuce
4,Cabbage,Packaged Red Cabbage
4,Salad,Packaged Romaine Salad
4,Salad,Packaged Salad
4,Carrots,Packaged Shredded Carrots
4,Lettuce,Packaged Shredded Lettuce
4,Salad,Packaged Spinach Salad
4,Salad,Packaged Spring Mix Salad
4,Salad,Packaged Veggie Blend Salad 
4,Parsnips, 
4,Onions,Pearl Onions
4,Peas,
4,Peppers, 
4,Persimmons,
4,Tomatoes,Plum Tomatoes 
4,Mushrooms,Porcini Mushrooms
4,Mushrooms,Portobello Mushrooms
4,Potatoes, 
4,Pumpkin,
4,Asparagus,Purple Asparagus
4,Potatoes,Purple Potatoes
4,Radishes, 
4,Peppers,Red Bell Peppers
4,Cabbage,Red Cabbage
4,Peppers,Red Chili Peppers 
4,Onions,Red Onions
4,Peppers,Red Peppers
4,Potatoes,Red Potatoes
4,Potatoes,Red Skin Potatoes
4,Rhubarb,
4,Tomatoes,Roma Tomatoes
4,Lettuce,Romaine Lettuce
4,Tomatoes,Round Tomatoes
4,Potatoes,Round White Potatoes
4,Potatoes,Russet Potatoes
4,Rutabaga,
4,Salad,
4,Salad,Salad Mix
4,Scallions,
4,Seaweed,
4,Cucumbers,Seedless Cucumbers
4,Shallots,
4,Mushrooms,Shiitake Mushrooms
4,Cabbage,Shredded Cabbage
4,Peas,Snap Peas
4,Peas,Snow Peas
4,Squash,Spaghetti Squash
4,Spinach,
4,Sprouts,
4,Squash,
4,Squash,Summer Squash
4,Tomatoes,Sundried Tomatoes
4,Peppers,Sweet Banana Peppers
4,Corn,Sweet Corn
4,Onions,Sweet Onions
4,Potatoes,Sweet Potatoes
4,Tapioca,
4,Tofu,
4,Tomatoes,
4,Truffles,
4,Greens,Turnip Greens
4,Turnips,
4,Vegetable Dip,
4,Vegetable Tray,
4,Onions,Vidalia Onions
4,Tomatoes,Vine Ripened Tomatoes
4,Asparagus,Viola Asparagus
4,Watercress,
4,Asparagus,White Asparagus
4,Onions,White Onions
4,Potatoes,White Potatoes
4,Squash,Winter Squash
4,Peppers,Yellow Bell Peppers
4,Onions,Yellow Onions
4,Potatoes,Yellow Potatoes
4,Squash,Yellow Squash
4,Zucchini,
