14,Asian Food,
14,Potatoes,Au Gratin Potatoes
14,Bouillon,
14,Bouillon,Beef Bouillon
14,Broth,Beef Broth
14,Soup,Box Soup
14,Rice,Brown Rice
14,Mexican Food,Burritos
14,Bouillon,Chicken Bouillon
14,Broth,
14,Broth,Chicken Broth
14,Instant Meals,Chicken Helper
14,Asian Food,Chow Mein Noodles
14,Ethnic Food,Couscous
14,Noodles,Cup of Noodles
14,Soup,Cup of Soup
14,Potatoes,Dehydrated Potatoes
14,Soup,Dry Bean Soup
14,Beans,
14,Beans,Dry Beans
14,Dry Beef,
14,Soup,Dry Soup
14,Noodles,Egg Noodles
14,Mexican Food,Enchiladas
14,Ethnic Food,
14,Ethnic Food,Falafel Mix
14,Beans,Fava Beans
14,Beans,Pinto Beans
14,Beans,Black Beans
14,Beans,Garbanzo Beans
14,Beans,Navy Beans
14,Beans,Red Beans
14,Beans,Kidney Beans
14,Beans,White Beans
14,Beans,Lima Beans
14,Beans,Lentils
14,Beans,Black Eyed Peas
14,Bouillon,Fish Bouillon
14,Potatoes,Garlic Mashed Potatoes
14,Gravy Packets,
14,Instant Meals,Hamburger Helper
14,Instant Meals,
14,Rice,Instant Rice
14,Pasta,Lasagna
14,Asian Food,Lo Mein Noodles
14,Bouillon,Lobster Bouillon
14,Pasta,Macaroni
14,Instant Meals,Macaroni and Cheese
14,Potatoes,Mashed Potatoes
14,Ethnic Food,Matzos
14,Instant Meals,Mexican Dinner
14,Mexican Food,Mexican Shells
14,Mexican Food,Mexican Tortillas
14,Rice,Minute Rice
14,Ethnic Food,Motza Ball Mix
14,Noodles,
14,Noodles,Noodles and Dumplings
14,Organic Foods,
14,Ethnic Food,Oriental Noodles
14,Parmesan Cheese,
14,Pasta,
14,Instant Meals,Pasta Dinner
14,Pasta,Penne Pasta
14,Pigs Feet,
14,Pizza Crust,
14,Pork Hocks,
14,Noodles,Ramen Noodles
14,Rice,
14,Rice Crackers,
14,Instant Meals,Rice Dinner
14,Noodles,Rice Noodles
14,Rice,Rice Pilaf
14,Rice,Rice-A-Roni
14,Pasta,Rigatoni
14,Romano Cheese,
14,Potatoes,Scalloped Potatoes
14,Pasta,Shells
14,Bouillon,Shrimp Bouillon
14,Soup,Soup and Dip Mix
14,Soup,
14,Soup,Soup Mix
14,Pasta,Spaghetti
14,Stew Mix,
14,Stuffing,Stove Top Stuffing
14,Stuffing,Stuffing
14,Stuffing,Stuffing Mix
14,Ethnic Food,Taco Shells
14,Ethnic Food,Tacos
14,Tea Biscuits,
14,Mexican Food,Tortillas
14,Instant Meals,Tuna Helper
14,Bouillon,Vegetable Bouillon
14,Rice,White Rice
14,Rice,Jasmine
14,Rice,Basmati Rice
14,Rice,Wild Rice
14,Pasta,Ziti
